Region,Antofagasta,Antofagasta,Antofagasta,Antofagasta,Antofagasta,Antofagasta,Antofagasta,Antofagasta,Antofagasta,Antofagasta,Araucanía,Araucanía,Araucanía,Araucanía,Araucanía,Araucanía,Araucanía,Araucanía,Araucanía,Araucanía,Araucanía,Araucanía,Araucanía,Araucanía,Araucanía,Araucanía,Araucanía,Araucanía,Araucanía,Araucanía,Araucanía,Araucanía,Araucanía,Araucanía,Araucanía,Araucanía,Araucanía,Araucanía,Araucanía,Araucanía,Araucanía,Araucanía,Araucanía,Arica y Parinacota,Arica y Parinacota,Arica y Parinacota,Arica y Parinacota,Arica y Parinacota,Atacama,Atacama,Atacama,Atacama,Atacama,Atacama,Atacama,Atacama,Atacama,Atacama,Aysén,Aysén,Aysén,Aysén,Aysén,Aysén,Aysén,Aysén,Aysén,Aysén,Aysén,Biobío,Biobío,Biobío,Biobío,Biobío,Biobío,Biobío,Biobío,Biobío,Biobío,Biobío,Biobío,Biobío,Biobío,Biobío,Biobío,Biobío,Biobío,Biobío,Biobío,Biobío,Biobío,Biobío,Biobío,Biobío,Biobío,Biobío,Biobío,Biobío,Biobío,Biobío,Biobío,Biobío,Biobío,Coquimbo,Coquimbo,Coquimbo,Coquimbo,Coquimbo,Coquimbo,Coquimbo,Coquimbo,Coquimbo,Coquimbo,Coquimbo,Coquimbo,Coquimbo,Coquimbo,Coquimbo,Coquimbo,Los Lagos,Los Lagos,Los Lagos,Los Lagos,Los Lagos,Los Lagos,Los Lagos,Los Lagos,Los Lagos,Los Lagos,Los Lagos,Los Lagos,Los Lagos,Los Lagos,Los Lagos,Los Lagos,Los Lagos,Los Lagos,Los Lagos,Los Lagos,Los Lagos,Los Lagos,Los Lagos,Los Lagos,Los Lagos,Los Lagos,Los Lagos,Los Lagos,Los Lagos,Los Lagos,Los Lagos,Los Ríos,Los Ríos,Los Ríos,Los Ríos,Los Ríos,Los Ríos,Los Ríos,Los Ríos,Los Ríos,Los Ríos,Los Ríos,Los Ríos,Los Ríos,Magallanes,Magallanes,Magallanes,Magallanes,Magallanes,Magallanes,Magallanes,Magallanes,Magallanes,Magallanes,Magallanes,Magallanes,Maule,Maule,Maule,Maule,Maule,Maule,Maule,Maule,Maule,Maule,Maule,Maule,Maule,Maule,Maule,Maule,Maule,Maule,Maule,Maule,Maule,Maule,Maule,Maule,Maule,Maule,Maule,Maule,Maule,Maule,Maule,Metropolitana,Metropolitana,Metropolitana,Metropolitana,Metropolitana,Metropolitana,Metropolitana,Metropolitana,Metropolitana,Metropolitana,Metropolitana,Metropolitana,Metropolitana,Metropolitana,Metropolitana,Metropolitana,Metropolitana,Metropolitana,Metropolitana,Metropolitana,Metropolitana,Metropolitana,Metropolitana,Metropolitana,Metropolitana,Metropolitana,Metropolitana,Metropolitana,Metropolitana,Metropolitana,Metropolitana,Metropolitana,Metropolitana,Metropolitana,Metropolitana,Metropolitana,Metropolitana,Metropolitana,Metropolitana,Metropolitana,Metropolitana,Metropolitana,Metropolitana,Metropolitana,Metropolitana,Metropolitana,Metropolitana,Metropolitana,Metropolitana,Metropolitana,Metropolitana,Metropolitana,Metropolitana,O’Higgins,O’Higgins,O’Higgins,O’Higgins,O’Higgins,O’Higgins,O’Higgins,O’Higgins,O’Higgins,O’Higgins,O’Higgins,O’Higgins,O’Higgins,O’Higgins,O’Higgins,O’Higgins,O’Higgins,O’Higgins,O’Higgins,O’Higgins,O’Higgins,O’Higgins,O’Higgins,O’Higgins,O’Higgins,O’Higgins,O’Higgins,O’Higgins,O’Higgins,O’Higgins,O’Higgins,O’Higgins,O’Higgins,O’Higgins,Tarapacá,Tarapacá,Tarapacá,Tarapacá,Tarapacá,Tarapacá,Tarapacá,Tarapacá,Valparaíso,Valparaíso,Valparaíso,Valparaíso,Valparaíso,Valparaíso,Valparaíso,Valparaíso,Valparaíso,Valparaíso,Valparaíso,Valparaíso,Valparaíso,Valparaíso,Valparaíso,Valparaíso,Valparaíso,Valparaíso,Valparaíso,Valparaíso,Valparaíso,Valparaíso,Valparaíso,Valparaíso,Valparaíso,Valparaíso,Valparaíso,Valparaíso,Valparaíso,Valparaíso,Valparaíso,Valparaíso,Valparaíso,Valparaíso,Valparaíso,Valparaíso,Valparaíso,Valparaíso,Valparaíso,Ñuble,Ñuble,Ñuble,Ñuble,Ñuble,Ñuble,Ñuble,Ñuble,Ñuble,Ñuble,Ñuble,Ñuble,Ñuble,Ñuble,Ñuble,Ñuble,Ñuble,Ñuble,Ñuble,Ñuble,Ñuble,Ñuble
Codigo region,2,2,2,2,2,2,2,2,2,2,9,9,9,9,9,9,9,9,9,9,9,9,9,9,9,9,9,9,9,9,9,9,9,9,9,9,9,9,9,9,9,9,9,15,15,15,15,15,3,3,3,3,3,3,3,3,3,3,11,11,11,11,11,11,11,11,11,11,11,8,8,8,8,8,8,8,8,8,8,8,8,8,8,8,8,8,8,8,8,8,8,8,8,8,8,8,8,8,8,8,8,8,8,4,4,4,4,4,4,4,4,4,4,4,4,4,4,4,4,10,10,10,10,10,10,10,10,10,10,10,10,10,10,10,10,10,10,10,10,10,10,10,10,10,10,10,10,10,10,10,14,14,14,14,14,14,14,14,14,14,14,14,14,12,12,12,12,12,12,12,12,12,12,12,12,7,7,7,7,7,7,7,7,7,7,7,7,7,7,7,7,7,7,7,7,7,7,7,7,7,7,7,7,7,7,7,13,13,13,13,13,13,13,13,13,13,13,13,13,13,13,13,13,13,13,13,13,13,13,13,13,13,13,13,13,13,13,13,13,13,13,13,13,13,13,13,13,13,13,13,13,13,13,13,13,13,13,13,13,6,6,6,6,6,6,6,6,6,6,6,6,6,6,6,6,6,6,6,6,6,6,6,6,6,6,6,6,6,6,6,6,6,6,1,1,1,1,1,1,1,1,5,5,5,5,5,5,5,5,5,5,5,5,5,5,5,5,5,5,5,5,5,5,5,5,5,5,5,5,5,5,5,5,5,5,5,5,5,5,5,16,16,16,16,16,16,16,16,16,16,16,16,16,16,16,16,16,16,16,16,16,16
Comuna,Antofagasta,Calama,Maria Elena,Mejillones,Ollague,San Pedro de Atacama,Sierra Gorda,Taltal,Tocopilla,Desconocido Antofagasta,Angol,Carahue,Cholchol,Collipulli,Cunco,Curacautin,Curarrehue,Ercilla,Freire,Galvarino,Gorbea,Lautaro,Loncoche,Lonquimay,Los Sauces,Lumaco,Melipeuco,Nueva Imperial,Padre Las Casas,Perquenco,Pitrufquen,Pucon,Puren,Renaico,Saavedra,Temuco,Teodoro Schmidt,Tolten,Traiguen,Victoria,Vilcun,Villarrica,Desconocido Araucania,Arica,Camarones,General Lagos,Putre,Desconocido Arica y Parinacota,Alto del Carmen,Caldera,Chanaral,Copiapo,Diego de Almagro,Freirina,Huasco,Tierra Amarilla,Vallenar,Desconocido Atacama,Aysen,Chile Chico,Cisnes,Cochrane,Coyhaique,Guaitecas,Lago Verde,OHiggins,Rio Ibanez,Tortel,Desconocido Aysen,Alto Biobio,Antuco,Arauco,Cabrero,Canete,Chiguayante,Concepcion,Contulmo,Coronel,Curanilahue,Florida,Hualpen,Hualqui,Laja,Lebu,Los Alamos,Los Angeles,Lota,Mulchen,Nacimiento,Negrete,Penco,Quilaco,Quilleco,San Pedro de la Paz,San Rosendo,Santa Barbara,Santa Juana,Talcahuano,Tirua,Tome,Tucapel,Yumbel,Desconocido Biobio,Andacollo,Canela,Combarbala,Coquimbo,Illapel,La Higuera,La Serena,Los Vilos,Monte Patria,Ovalle,Paiguano,Punitaqui,Rio Hurtado,Salamanca,Vicuna,Desconocido Coquimbo,Ancud,Calbuco,Castro,Chaiten,Chonchi,Cochamo,Curaco de Velez,Dalcahue,Fresia,Frutillar,Futaleufu,Hualaihue,Llanquihue,Los Muermos,Maullin,Osorno,Palena,Puerto Montt,Puerto Octay,Puerto Varas,Puqueldon,Purranque,Puyehue,Queilen,Quellon,Quemchi,Quinchao,Rio Negro,San Juan de la Costa,San Pablo,Desconocido Los Lagos,Corral,Futrono,La Union,Lago Ranco,Lanco,Los Lagos,Mafil,Mariquina,Paillaco,Panguipulli,Rio Bueno,Valdivia,Desconocido Los Rios,Antartica,Cabo de Hornos,Laguna Blanca,Natales,Porvenir,Primavera,Punta Arenas,Rio Verde,San Gregorio,Timaukel,Torres del Paine,Desconocido Magallanes,Cauquenes,Chanco,Colbun,Constitucion,Curepto,Curico,Empedrado,Hualane,Licanten,Linares,Longavi,Maule,Molina,Parral,Pelarco,Pelluhue,Pencahue,Rauco,Retiro,Rio Claro,Romeral,Sagrada Familia,San Clemente,San Javier,San Rafael,Talca,Teno,Vichuquen,Villa Alegre,Yerbas Buenas,Desconocido Maule,Alhue,Buin,Calera de Tango,Cerrillos,Cerro Navia,Colina,Conchali,Curacavi,El Bosque,El Monte,Estacion Central,Huechuraba,Independencia,Isla de Maipo,La Cisterna,La Florida,La Granja,La Pintana,La Reina,Lampa,Las Condes,Lo Barnechea,Lo Espejo,Lo Prado,Macul,Maipu,Maria Pinto,Melipilla,Nunoa,Padre Hurtado,Paine,Pedro Aguirre Cerda,Penaflor,Penalolen,Pirque,Providencia,Pudahuel,Puente Alto,Quilicura,Quinta Normal,Recoleta,Renca,San Bernardo,San Joaquin,San Jose de Maipo,San Miguel,San Pedro,San Ramon,Santiago,Talagante,Tiltil,Vitacura,Desconocido Metropolitana,Chepica,Chimbarongo,Codegua,Coinco,Coltauco,Donihue,Graneros,La Estrella,Las Cabras,Litueche,Lolol,Machali,Malloa,Marchihue,Mostazal,Nancagua,Navidad,Olivar,Palmilla,Paredones,Peralillo,Peumo,Pichidegua,Pichilemu,Placilla,Pumanque,Quinta de Tilcoco,Rancagua,Rengo,Requinoa,San Fernando,San Vicente,Santa Cruz,Desconocido O'Higgins,Alto Hospicio,Camina,Colchane,Huara,Iquique,Pica,Pozo Almonte,Desconocido Tarapaca,Algarrobo,Cabildo,Calera,Calle Larga,Cartagena,Casablanca,Catemu,Concon,El Quisco,El Tabo,Hijuelas,Isla de Pascua,Juan Fernandez,La Cruz,La Ligua,Limache,Llaillay,Los Andes,Nogales,Olmue,Panquehue,Papudo,Petorca,Puchuncavi,Putaendo,Quillota,Quilpue,Quintero,Rinconada,San Antonio,San Esteban,San Felipe,Santa Maria,Santo Domingo,Valparaiso,Villa Alemana,Vina del Mar,Zapallar,Desconocido Valparaiso,Bulnes,Chillan,Chillan Viejo,Cobquecura,Coelemu,Coihueco,El Carmen,Ninhue,Niquen,Pemuco,Pinto,Portezuelo,Quillon,Quirihue,Ranquil,San Carlos,San Fabian,San Ignacio,San Nicolas,Treguaco,Yungay,Desconocido Nuble
Codigo comuna,2101,2201,2302,2102,2202,2203,2103,2104,2301,0,9201,9102,9121,9202,9103,9203,9104,9204,9105,9106,9107,9108,9109,9205,9206,9207,9110,9111,9112,9113,9114,9115,9208,9209,9116,9101,9117,9118,9210,9211,9119,9120,0,15101,15102,15202,15201,0,3302,3102,3201,3101,3202,3303,3304,3103,3301,0,11201,11401,11202,11301,11101,11203,11102,11302,11402,11303,0,8314,8302,8202,8303,8203,8103,8101,8204,8102,8205,8104,8112,8105,8304,8201,8206,8301,8106,8305,8306,8307,8107,8308,8309,8108,8310,8311,8109,8110,8207,8111,8312,8313,0,4103,4202,4302,4102,4201,4104,4101,4203,4303,4301,4105,4304,4305,4204,4106,0,10202,10102,10201,10401,10203,10103,10204,10205,10104,10105,10402,10403,10107,10106,10108,10301,10404,10101,10302,10109,10206,10303,10304,10207,10208,10209,10210,10305,10306,10307,0,14102,14202,14201,14203,14103,14104,14105,14106,14107,14108,14204,14101,0,12202,12201,12102,12401,12301,12302,12101,12103,12104,12303,12402,0,7201,7202,7402,7102,7103,7301,7104,7302,7303,7401,7403,7105,7304,7404,7106,7203,7107,7305,7405,7108,7306,7307,7109,7406,7110,7101,7308,7309,7407,7408,0,13502,13402,13403,13102,13103,13301,13104,13503,13105,13602,13106,13107,13108,13603,13109,13110,13111,13112,13113,13302,13114,13115,13116,13117,13118,13119,13504,13501,13120,13604,13404,13121,13605,13122,13202,13123,13124,13201,13125,13126,13127,13128,13401,13129,13203,13130,13505,13131,13101,13601,13303,13132,0,6302,6303,6102,6103,6104,6105,6106,6202,6107,6203,6304,6108,6109,6204,6110,6305,6205,6111,6306,6206,6307,6112,6113,6201,6308,6309,6114,6101,6115,6116,6301,6117,6310,0,1107,1402,1403,1404,1101,1405,1401,0,5602,5402,5502,5302,5603,5102,5702,5103,5604,5605,5503,5201,5104,5504,5401,5802,5703,5301,5506,5803,5704,5403,5404,5105,5705,5501,5801,5107,5303,5601,5304,5701,5706,5606,5101,5804,5109,5405,0,16102,16101,16103,16202,16203,16302,16104,16204,16303,16105,16106,16205,16107,16201,16206,16301,16304,16108,16305,16207,16109,0
Poblacion,425725.0,190336.0,6814.0,14776.0,287.0,10434.0,1746.0,13657.0,28079.0,0.0,56058.0,25486.0,12341.0,26148.0,18055.0,18178.0,7802.0,8458.0,25446.0,12633.0,15148.0,40746.0,24739.0,11049.0,7517.0,10050.0,6265.0,33777.0,82110.0,7223.0,26096.0,29782.0,12188.0,10833.0,12793.0,302931.0,15786.0,10055.0,19314.0,35467.0,30766.0,59103.0,0.0,247552.0,1233.0,810.0,2515.0,0.0,5729.0,19426.0,13164.0,171766.0,14358.0,7681.0,11264.0,14312.0,57009.0,0.0,25002.0,5121.0,5828.0,3685.0,61210.0,1599.0,920.0,661.0,2699.0,572.0,0.0,6775.0,4306.0,38679.0,30725.0,37003.0,91180.0,238092.0,6330.0,125829.0,33892.0,11841.0,97273.0,26201.0,23873.0,27100.0,22524.0,218515.0,45750.0,31041.0,27944.0,10429.0,49865.0,4179.0,10032.0,145906.0,3611.0,14592.0,14779.0,158345.0,11019.0,58729.0,15205.0,22132.0,0.0,11791.0,9546.0,13884.0,256735.0,32801.0,4450.0,249656.0,23374.0,32527.0,121269.0,4675.0,12165.0,4372.0,29110.0,29741.0,0.0,42458.0,36744.0,47607.0,5020.0,16013.0,4006.0,4066.0,15069.0,12656.0,20223.0,2806.0,9525.0,18621.0,17817.0,14894.0,173410.0,1827.0,269398.0,9192.0,48620.0,4201.0,21080.0,11787.0,5543.0,29309.0,8783.0,8298.0,14275.0,7639.0,10553.0,0.0,5447.0,15261.0,39538.0,10292.0,17652.0,20518.0,7389.0,23250.0,20798.0,35991.0,32925.0,176774.0,0.0,137.0,1983.0,264.0,23782.0,7323.0,694.0,141984.0,211.0,681.0,282.0,1021.0,0.0,44143.0,9331.0,22565.0,50348.0,9426.0,163626.0,4206.0,10222.0,6989.0,101073.0,32810.0,60000.0,49800.0,44544.0,9083.0,8092.0,8601.0,11248.0,21071.0,14753.0,16170.0,19469.0,46292.0,49451.0,9959.0,236724.0,30850.0,4381.0,17512.0,19200.0,0.0,7405.0,109641.0,28525.0,88956.0,142465.0,180353.0,139195.0,36430.0,172000.0,40014.0,206792.0,112528.0,142065.0,40171.0,100434.0,402433.0,122557.0,189335.0,100252.0,126898.0,330759.0,124076.0,103865.0,104403.0,134635.0,578605.0,14926.0,141612.0,250192.0,74188.0,82766.0,107803.0,101058.0,266798.0,30433.0,157749.0,253139.0,645909.0,254694.0,136368.0,190075.0,160847.0,334836.0,103485.0,18644.0,133059.0,11953.0,86510.0,503147.0,81838.0,21477.0,96774.0,0.0,15925.0,37696.0,14096.0,7831.0,21263.0,22700.0,36504.0,3114.0,26749.0,6765.0,7289.0,59913.0,14163.0,7632.0,27462.0,19141.0,6904.0,14624.0,13299.0,6349.0,11848.0,14952.0,20743.0,17882.0,9164.0,3531.0,13877.0,265211.0,63710.0,30371.0,78642.0,50617.0,41096.0,0.0,129999.0,1375.0,1583.0,3000.0,223463.0,5958.0,17395.0,0.0,15174.0,20663.0,53591.0,16482.0,25357.0,29170.0,15213.0,45889.0,17742.0,14338.0,19099.0,8277.0,1033.0,25321.0,37739.0,49931.0,26533.0,68093.0,23490.0,19266.0,7633.0,6201.0,10558.0,20071.0,17645.0,97572.0,167085.0,36135.0,11263.0,96761.0,20643.0,83494.0,16367.0,11934.0,315732.0,139310.0,361371.0,7994.0,0.0,22607.0,198624.0,33827.0,5275.0,16845.0,28375.0,12334.0,5414.0,11567.0,8639.0,11880.0,4940.0,18777.0,12192.0,6261.0,56252.0,4654.0,16624.0,12172.0,5696.0,18596.0,0.0
SE7,0.0,0.0,0.0,0.0,0.0,0.0,0.0,0.0,0.0,0.0,0.0,0.0,0.0,0.0,0.0,0.0,0.0,0.0,0.0,0.0,0.0,0.0,0.0,0.0,0.0,0.0,0.0,0.0,0.0,0.0,0.0,0.0,0.0,0.0,0.0,0.0,0.0,0.0,0.0,0.0,0.0,0.0,0.0,0.0,0.0,0.0,0.0,0.0,0.0,0.0,0.0,0.0,0.0,0.0,0.0,0.0,0.0,0.0,0.0,0.0,0.0,0.0,0.0,0.0,0.0,0.0,0.0,0.0,0.0,0.0,0.0,0.0,0.0,0.0,0.0,0.0,0.0,0.0,0.0,0.0,0.0,0.0,0.0,0.0,0.0,0.0,0.0,0.0,0.0,0.0,0.0,0.0,0.0,0.0,0.0,0.0,0.0,0.0,0.0,0.0,0.0,0.0,0.0,0.0,0.0,0.0,0.0,0.0,0.0,0.0,0.0,0.0,0.0,0.0,0.0,0.0,0.0,0.0,0.0,0.0,0.0,0.0,0.0,0.0,0.0,0.0,0.0,0.0,0.0,0.0,0.0,0.0,0.0,0.0,0.0,0.0,0.0,0.0,0.0,0.0,0.0,0.0,0.0,0.0,0.0,0.0,0.0,0.0,0.0,0.0,0.0,0.0,0.0,0.0,0.0,0.0,0.0,0.0,0.0,0.0,0.0,0.0,0.0,0.0,0.0,0.0,0.0,0.0,0.0,0.0,0.0,0.0,0.0,0.0,0.0,0.0,0.0,0.0,0.0,0.0,0.0,0.0,0.0,0.0,0.0,0.0,0.0,0.0,0.0,0.0,0.0,0.0,0.0,0.0,0.0,0.0,0.0,0.0,0.0,0.0,0.0,0.0,0.0,0.0,0.0,0.0,0.0,0.0,0.0,0.0,0.0,0.0,0.0,0.0,0.0,0.0,0.0,0.0,0.0,0.0,0.0,0.0,0.0,0.0,0.0,0.0,0.0,0.0,0.0,0.0,0.0,0.0,0.0,0.0,0.0,0.0,0.0,0.0,0.0,0.0,0.0,0.0,0.0,0.0,0.0,0.0,0.0,0.0,0.0,0.0,0.0,0.0,0.0,0.0,0.0,0.0,0.0,0.0,0.0,0.0,0.0,0.0,0.0,0.0,0.0,0.0,0.0,0.0,0.0,0.0,0.0,0.0,0.0,0.0,0.0,0.0,0.0,0.0,0.0,0.0,0.0,0.0,0.0,0.0,0.0,0.0,0.0,0.0,0.0,0.0,0.0,0.0,0.0,0.0,0.0,0.0,0.0,0.0,0.0,0.0,0.0,0.0,0.0,0.0,0.0,0.0,0.0,0.0,0.0,0.0,0.0,0.0,0.0,0.0,0.0,0.0,0.0,0.0,0.0,0.0,0.0,0.0,0.0,0.0,0.0,0.0,0.0,0.0,0.0,0.0,0.0,0.0,0.0,0.0,0.0,0.0,0.0,0.0,0.0,0.0,0.0,0.0,0.0,0.0,0.0,0.0,0.0,0.0,0.0,0.0,0.0,0.0,0.0,0.0,0.0,0.0,0.0,0.0,0.0,0.0,0.0,0.0
SE8,0.0,0.0,0.0,0.0,0.0,0.0,0.0,0.0,0.0,0.0,0.0,0.0,0.0,0.0,0.0,0.0,0.0,0.0,0.0,0.0,0.0,0.0,0.0,0.0,0.0,0.0,0.0,0.0,0.0,0.0,0.0,0.0,0.0,0.0,0.0,0.0,0.0,0.0,0.0,0.0,0.0,0.0,0.0,0.0,0.0,0.0,0.0,0.0,0.0,0.0,0.0,0.0,0.0,0.0,0.0,0.0,0.0,0.0,0.0,0.0,0.0,0.0,0.0,0.0,0.0,0.0,0.0,0.0,0.0,0.0,0.0,0.0,0.0,0.0,0.0,0.0,0.0,0.0,0.0,0.0,0.0,0.0,0.0,0.0,0.0,0.0,0.0,0.0,0.0,0.0,0.0,0.0,0.0,0.0,0.0,0.0,0.0,0.0,0.0,0.0,0.0,0.0,0.0,0.0,0.0,0.0,0.0,0.0,0.0,0.0,0.0,0.0,0.0,0.0,0.0,0.0,0.0,0.0,0.0,0.0,0.0,0.0,0.0,0.0,0.0,0.0,0.0,0.0,0.0,0.0,0.0,0.0,0.0,0.0,0.0,0.0,0.0,0.0,0.0,0.0,0.0,0.0,0.0,0.0,0.0,0.0,0.0,0.0,0.0,0.0,0.0,0.0,0.0,0.0,0.0,0.0,0.0,0.0,0.0,0.0,0.0,0.0,0.0,0.0,0.0,0.0,0.0,0.0,0.0,0.0,0.0,0.0,0.0,0.0,0.0,0.0,0.0,0.0,0.0,0.0,0.0,0.0,0.0,0.0,0.0,0.0,0.0,0.0,0.0,0.0,0.0,0.0,0.0,0.0,0.0,0.0,0.0,0.0,0.0,0.0,0.0,0.0,0.0,0.0,0.0,0.0,0.0,0.0,0.0,0.0,0.0,0.0,0.0,0.0,0.0,0.0,0.0,0.0,0.0,0.0,0.0,0.0,0.0,0.0,0.0,0.0,1.0,0.0,0.0,0.0,0.0,0.0,0.0,0.0,0.0,0.0,0.0,0.0,0.0,0.0,0.0,0.0,0.0,0.0,0.0,0.0,0.0,0.0,0.0,0.0,0.0,0.0,0.0,0.0,0.0,0.0,0.0,0.0,0.0,0.0,0.0,0.0,0.0,0.0,0.0,0.0,0.0,0.0,0.0,0.0,0.0,0.0,0.0,0.0,0.0,0.0,0.0,0.0,0.0,0.0,0.0,0.0,0.0,0.0,0.0,0.0,0.0,0.0,0.0,0.0,0.0,0.0,0.0,0.0,0.0,0.0,0.0,0.0,0.0,0.0,0.0,0.0,0.0,0.0,0.0,0.0,0.0,0.0,0.0,0.0,0.0,0.0,0.0,0.0,0.0,0.0,0.0,0.0,0.0,0.0,0.0,0.0,0.0,0.0,0.0,0.0,0.0,0.0,0.0,0.0,0.0,0.0,0.0,0.0,0.0,0.0,0.0,0.0,0.0,0.0,0.0,0.0,0.0,0.0,0.0,0.0,0.0,0.0,0.0,0.0,0.0,0.0,0.0,0.0,0.0,0.0,0.0,0.0,0.0,0.0,0.0,0.0
SE9,0.0,1.0,1.0,0.0,0.0,0.0,0.0,0.0,0.0,0.0,0.0,0.0,0.0,0.0,0.0,0.0,0.0,0.0,0.0,0.0,0.0,1.0,0.0,0.0,0.0,0.0,0.0,0.0,0.0,0.0,0.0,0.0,0.0,0.0,0.0,0.0,0.0,0.0,0.0,0.0,0.0,0.0,0.0,0.0,0.0,0.0,0.0,0.0,0.0,0.0,0.0,0.0,1.0,0.0,0.0,0.0,0.0,0.0,0.0,0.0,0.0,0.0,0.0,0.0,0.0,0.0,0.0,0.0,0.0,0.0,0.0,0.0,0.0,0.0,0.0,1.0,0.0,0.0,0.0,0.0,0.0,0.0,0.0,0.0,0.0,0.0,0.0,0.0,0.0,0.0,0.0,0.0,0.0,0.0,0.0,0.0,0.0,0.0,0.0,0.0,0.0,0.0,0.0,0.0,0.0,0.0,0.0,0.0,0.0,0.0,0.0,0.0,0.0,0.0,0.0,0.0,0.0,0.0,0.0,0.0,0.0,0.0,0.0,0.0,0.0,0.0,0.0,0.0,0.0,0.0,0.0,0.0,0.0,0.0,0.0,0.0,0.0,0.0,0.0,0.0,0.0,0.0,0.0,0.0,0.0,0.0,0.0,0.0,0.0,0.0,0.0,0.0,0.0,0.0,0.0,0.0,0.0,0.0,0.0,0.0,0.0,0.0,0.0,0.0,0.0,0.0,0.0,0.0,0.0,0.0,0.0,0.0,0.0,0.0,0.0,0.0,0.0,0.0,0.0,0.0,0.0,0.0,0.0,0.0,1.0,0.0,0.0,0.0,0.0,0.0,0.0,0.0,0.0,1.0,0.0,0.0,0.0,0.0,0.0,0.0,0.0,0.0,0.0,0.0,0.0,0.0,0.0,0.0,0.0,1.0,0.0,1.0,0.0,1.0,0.0,0.0,0.0,0.0,0.0,0.0,1.0,1.0,0.0,1.0,0.0,0.0,1.0,0.0,1.0,0.0,0.0,0.0,0.0,0.0,1.0,0.0,0.0,0.0,1.0,1.0,0.0,0.0,1.0,2.0,0.0,0.0,0.0,0.0,0.0,0.0,0.0,1.0,0.0,0.0,2.0,0.0,0.0,0.0,0.0,1.0,0.0,0.0,0.0,0.0,0.0,0.0,0.0,0.0,0.0,0.0,0.0,0.0,0.0,0.0,0.0,0.0,0.0,0.0,0.0,0.0,0.0,0.0,0.0,0.0,0.0,0.0,1.0,0.0,0.0,0.0,0.0,0.0,0.0,0.0,0.0,0.0,0.0,0.0,0.0,0.0,0.0,0.0,0.0,0.0,1.0,0.0,0.0,0.0,0.0,0.0,0.0,0.0,0.0,0.0,0.0,0.0,0.0,0.0,0.0,0.0,0.0,0.0,0.0,0.0,0.0,0.0,0.0,0.0,1.0,0.0,0.0,0.0,0.0,0.0,0.0,0.0,0.0,0.0,0.0,0.0,0.0,0.0,0.0,0.0,0.0,0.0,0.0,0.0,0.0,0.0,0.0,0.0,0.0,0.0,0.0,0.0,0.0,0.0,0.0,0.0,0.0,0.0
SE10,1.0,0.0,0.0,0.0,0.0,0.0,0.0,0.0,0.0,0.0,1.0,0.0,0.0,0.0,0.0,0.0,0.0,0.0,0.0,0.0,0.0,0.0,0.0,0.0,0.0,0.0,0.0,0.0,0.0,0.0,0.0,0.0,0.0,0.0,0.0,3.0,0.0,0.0,0.0,0.0,0.0,0.0,0.0,2.0,0.0,0.0,0.0,0.0,0.0,0.0,0.0,0.0,0.0,0.0,0.0,0.0,0.0,0.0,0.0,0.0,0.0,0.0,0.0,0.0,0.0,0.0,0.0,0.0,0.0,0.0,0.0,0.0,0.0,0.0,0.0,1.0,0.0,0.0,0.0,0.0,0.0,0.0,1.0,0.0,0.0,0.0,0.0,0.0,0.0,0.0,0.0,0.0,0.0,0.0,0.0,0.0,0.0,0.0,0.0,0.0,0.0,0.0,0.0,0.0,0.0,0.0,0.0,0.0,0.0,0.0,0.0,0.0,0.0,0.0,0.0,0.0,0.0,0.0,0.0,0.0,0.0,0.0,0.0,0.0,0.0,0.0,0.0,0.0,0.0,0.0,0.0,0.0,0.0,0.0,0.0,0.0,1.0,0.0,0.0,0.0,0.0,0.0,0.0,0.0,0.0,0.0,0.0,0.0,0.0,0.0,0.0,0.0,0.0,0.0,0.0,0.0,0.0,0.0,0.0,0.0,0.0,1.0,0.0,0.0,0.0,0.0,0.0,0.0,0.0,2.0,0.0,0.0,0.0,0.0,0.0,0.0,0.0,0.0,0.0,0.0,1.0,0.0,0.0,0.0,0.0,0.0,0.0,0.0,0.0,0.0,0.0,0.0,0.0,0.0,0.0,0.0,0.0,1.0,0.0,0.0,4.0,0.0,0.0,0.0,0.0,0.0,0.0,0.0,0.0,3.0,2.0,3.0,3.0,0.0,0.0,2.0,2.0,0.0,0.0,0.0,0.0,2.0,0.0,1.0,0.0,0.0,18.0,2.0,0.0,0.0,1.0,1.0,0.0,1.0,1.0,1.0,1.0,0.0,2.0,2.0,1.0,3.0,1.0,3.0,3.0,2.0,0.0,0.0,1.0,0.0,0.0,0.0,0.0,0.0,2.0,0.0,0.0,6.0,0.0,0.0,0.0,0.0,0.0,0.0,0.0,0.0,0.0,0.0,0.0,0.0,0.0,0.0,0.0,0.0,0.0,0.0,0.0,0.0,0.0,0.0,0.0,0.0,0.0,0.0,0.0,0.0,0.0,0.0,0.0,0.0,0.0,0.0,0.0,0.0,0.0,0.0,0.0,0.0,0.0,0.0,0.0,0.0,0.0,0.0,0.0,0.0,0.0,0.0,0.0,0.0,0.0,0.0,0.0,0.0,1.0,0.0,0.0,0.0,0.0,0.0,0.0,0.0,0.0,0.0,0.0,0.0,1.0,1.0,0.0,0.0,0.0,0.0,0.0,0.0,0.0,1.0,0.0,0.0,0.0,0.0,0.0,1.0,0.0,0.0,0.0,0.0,0.0,0.0,0.0,0.0,0.0,0.0,0.0,0.0,0.0,0.0,0.0,0.0,0.0,0.0,0.0,0.0
SE11,2.0,2.0,0.0,0.0,0.0,0.0,0.0,0.0,0.0,0.0,1.0,0.0,0.0,0.0,0.0,0.0,1.0,0.0,0.0,0.0,1.0,0.0,0.0,0.0,0.0,0.0,0.0,0.0,0.0,0.0,0.0,1.0,0.0,0.0,1.0,27.0,0.0,0.0,0.0,1.0,0.0,0.0,0.0,1.0,0.0,0.0,0.0,0.0,0.0,0.0,0.0,1.0,0.0,0.0,0.0,0.0,0.0,0.0,1.0,0.0,0.0,0.0,1.0,0.0,0.0,0.0,0.0,0.0,1.0,0.0,0.0,1.0,0.0,0.0,5.0,7.0,0.0,1.0,0.0,0.0,3.0,1.0,1.0,0.0,0.0,3.0,0.0,0.0,0.0,0.0,0.0,0.0,0.0,6.0,0.0,0.0,0.0,1.0,0.0,0.0,0.0,0.0,0.0,0.0,0.0,0.0,4.0,0.0,0.0,0.0,0.0,0.0,3.0,0.0,0.0,0.0,0.0,0.0,0.0,0.0,0.0,0.0,0.0,0.0,0.0,0.0,0.0,0.0,0.0,0.0,0.0,0.0,0.0,0.0,3.0,0.0,2.0,0.0,1.0,0.0,0.0,0.0,0.0,0.0,0.0,0.0,0.0,0.0,0.0,9.0,0.0,0.0,1.0,0.0,0.0,0.0,0.0,0.0,0.0,0.0,0.0,1.0,1.0,0.0,2.0,0.0,1.0,0.0,0.0,5.0,0.0,0.0,0.0,0.0,0.0,0.0,0.0,0.0,0.0,0.0,2.0,0.0,0.0,0.0,0.0,0.0,0.0,0.0,0.0,0.0,0.0,0.0,0.0,0.0,0.0,0.0,0.0,0.0,0.0,0.0,9.0,0.0,0.0,0.0,0.0,0.0,0.0,0.0,0.0,1.0,10.0,7.0,2.0,1.0,1.0,1.0,3.0,5.0,4.0,0.0,3.0,12.0,1.0,3.0,12.0,0.0,60.0,14.0,1.0,4.0,3.0,13.0,0.0,1.0,27.0,0.0,0.0,3.0,5.0,9.0,3.0,28.0,3.0,12.0,3.0,6.0,7.0,4.0,6.0,1.0,1.0,3.0,0.0,1.0,29.0,0.0,0.0,32.0,7.0,0.0,0.0,0.0,0.0,0.0,0.0,0.0,0.0,0.0,0.0,0.0,1.0,0.0,0.0,0.0,0.0,0.0,0.0,0.0,0.0,0.0,0.0,0.0,0.0,0.0,0.0,0.0,0.0,0.0,0.0,0.0,0.0,0.0,0.0,0.0,0.0,0.0,0.0,0.0,0.0,0.0,0.0,1.0,0.0,0.0,0.0,0.0,0.0,0.0,0.0,0.0,0.0,0.0,0.0,0.0,0.0,0.0,0.0,0.0,0.0,0.0,0.0,0.0,0.0,0.0,0.0,0.0,0.0,3.0,0.0,0.0,0.0,0.0,0.0,0.0,2.0,2.0,1.0,6.0,0.0,0.0,0.0,28.0,5.0,0.0,0.0,0.0,0.0,0.0,0.0,0.0,0.0,0.0,0.0,0.0,0.0,2.0,0.0,0.0,0.0,0.0,0.0,0.0
SE12,28.0,3.0,0.0,0.0,0.0,2.0,0.0,0.0,2.0,0.0,3.0,0.0,1.0,0.0,0.0,2.0,1.0,0.0,2.0,0.0,4.0,6.0,2.0,0.0,0.0,0.0,0.0,4.0,12.0,1.0,4.0,3.0,0.0,0.0,1.0,157.0,1.0,4.0,0.0,2.0,6.0,2.0,0.0,2.0,0.0,0.0,0.0,1.0,0.0,0.0,0.0,0.0,0.0,0.0,0.0,0.0,0.0,0.0,0.0,0.0,0.0,0.0,0.0,0.0,0.0,0.0,0.0,0.0,0.0,0.0,0.0,2.0,1.0,0.0,5.0,28.0,0.0,6.0,1.0,0.0,23.0,1.0,0.0,0.0,0.0,6.0,1.0,1.0,2.0,0.0,1.0,0.0,0.0,35.0,0.0,0.0,0.0,16.0,1.0,9.0,0.0,0.0,1.0,0.0,0.0,0.0,13.0,0.0,0.0,3.0,1.0,0.0,2.0,0.0,0.0,1.0,1.0,0.0,1.0,0.0,3.0,2.0,0.0,0.0,0.0,0.0,0.0,0.0,0.0,0.0,0.0,0.0,1.0,0.0,59.0,0.0,14.0,1.0,0.0,0.0,0.0,1.0,0.0,0.0,0.0,0.0,0.0,0.0,0.0,10.0,0.0,1.0,5.0,1.0,0.0,0.0,1.0,3.0,1.0,0.0,3.0,25.0,0.0,0.0,6.0,0.0,3.0,0.0,0.0,66.0,0.0,0.0,0.0,0.0,1.0,0.0,0.0,0.0,0.0,0.0,3.0,0.0,0.0,0.0,2.0,1.0,1.0,1.0,1.0,0.0,1.0,0.0,0.0,0.0,2.0,1.0,0.0,0.0,1.0,0.0,13.0,1.0,0.0,0.0,0.0,1.0,0.0,5.0,4.0,4.0,16.0,28.0,17.0,2.0,14.0,1.0,11.0,20.0,16.0,2.0,10.0,31.0,6.0,9.0,15.0,9.0,128.0,55.0,5.0,6.0,16.0,50.0,0.0,5.0,55.0,5.0,2.0,6.0,3.0,30.0,1.0,64.0,20.0,64.0,20.0,14.0,14.0,7.0,23.0,15.0,1.0,27.0,0.0,2.0,100.0,4.0,2.0,50.0,7.0,0.0,2.0,1.0,0.0,0.0,0.0,0.0,0.0,0.0,0.0,0.0,4.0,0.0,0.0,0.0,0.0,0.0,0.0,0.0,0.0,0.0,0.0,0.0,0.0,0.0,0.0,1.0,8.0,1.0,2.0,2.0,0.0,0.0,0.0,3.0,0.0,0.0,0.0,9.0,0.0,0.0,0.0,4.0,0.0,1.0,0.0,0.0,2.0,1.0,3.0,1.0,0.0,0.0,2.0,0.0,1.0,1.0,3.0,1.0,2.0,0.0,0.0,0.0,0.0,1.0,0.0,1.0,3.0,3.0,3.0,0.0,0.0,0.0,3.0,0.0,1.0,9.0,8.0,21.0,0.0,1.0,9.0,119.0,7.0,0.0,0.0,2.0,2.0,0.0,1.0,1.0,2.0,0.0,8.0,0.0,1.0,5.0,3.0,2.0,2.0,0.0,3.0,0.0
SE13,31.0,2.0,0.0,1.0,0.0,1.0,0.0,0.0,0.0,0.0,10.0,3.0,2.0,0.0,3.0,0.0,2.0,0.0,4.0,0.0,4.0,3.0,3.0,0.0,0.0,0.0,0.0,10.0,28.0,1.0,9.0,0.0,2.0,0.0,0.0,175.0,2.0,2.0,0.0,9.0,11.0,10.0,2.0,23.0,0.0,0.0,0.0,0.0,0.0,0.0,0.0,2.0,1.0,0.0,0.0,0.0,0.0,0.0,0.0,0.0,0.0,0.0,0.0,0.0,0.0,0.0,0.0,0.0,0.0,0.0,0.0,2.0,0.0,0.0,9.0,30.0,0.0,7.0,0.0,2.0,33.0,2.0,3.0,0.0,0.0,9.0,0.0,4.0,3.0,0.0,4.0,0.0,0.0,17.0,0.0,2.0,0.0,16.0,2.0,13.0,0.0,5.0,0.0,0.0,0.0,0.0,3.0,4.0,0.0,6.0,0.0,0.0,4.0,0.0,0.0,0.0,2.0,0.0,0.0,1.0,1.0,0.0,1.0,0.0,0.0,0.0,0.0,0.0,1.0,0.0,3.0,1.0,0.0,0.0,104.0,0.0,18.0,0.0,2.0,0.0,3.0,1.0,0.0,0.0,0.0,1.0,2.0,1.0,2.0,3.0,0.0,3.0,8.0,1.0,1.0,0.0,0.0,1.0,0.0,0.0,1.0,32.0,0.0,0.0,4.0,0.0,4.0,3.0,0.0,121.0,0.0,0.0,0.0,0.0,0.0,2.0,1.0,3.0,3.0,0.0,6.0,0.0,0.0,0.0,5.0,0.0,1.0,2.0,3.0,0.0,0.0,0.0,1.0,0.0,0.0,2.0,0.0,0.0,2.0,1.0,19.0,0.0,0.0,0.0,0.0,0.0,0.0,17.0,4.0,11.0,15.0,16.0,14.0,5.0,23.0,1.0,28.0,10.0,10.0,1.0,13.0,59.0,16.0,21.0,12.0,13.0,69.0,30.0,9.0,20.0,23.0,73.0,0.0,5.0,43.0,10.0,0.0,15.0,9.0,35.0,3.0,22.0,27.0,103.0,30.0,26.0,18.0,11.0,41.0,22.0,2.0,22.0,0.0,11.0,104.0,8.0,1.0,29.0,15.0,0.0,1.0,0.0,0.0,0.0,0.0,0.0,0.0,0.0,0.0,0.0,1.0,0.0,0.0,0.0,0.0,0.0,1.0,0.0,0.0,0.0,1.0,0.0,0.0,1.0,0.0,0.0,4.0,2.0,0.0,1.0,3.0,1.0,0.0,4.0,0.0,0.0,0.0,6.0,1.0,1.0,0.0,4.0,0.0,6.0,0.0,0.0,0.0,0.0,6.0,0.0,5.0,0.0,1.0,0.0,2.0,1.0,0.0,1.0,2.0,0.0,0.0,0.0,0.0,4.0,0.0,0.0,7.0,9.0,1.0,0.0,6.0,0.0,2.0,2.0,0.0,16.0,4.0,28.0,0.0,3.0,27.0,117.0,19.0,0.0,2.0,3.0,0.0,0.0,0.0,0.0,3.0,0.0,8.0,1.0,3.0,11.0,3.0,3.0,6.0,0.0,16.0,0.0
SE14,41.0,9.0,0.0,8.0,0.0,1.0,0.0,2.0,4.0,0.0,11.0,10.0,0.0,1.0,2.0,2.0,0.0,4.0,0.0,2.0,2.0,15.0,2.0,0.0,0.0,0.0,0.0,4.0,24.0,0.0,4.0,4.0,0.0,1.0,1.0,129.0,0.0,2.0,1.0,2.0,15.0,6.0,0.0,70.0,0.0,0.0,0.0,0.0,0.0,0.0,0.0,1.0,0.0,0.0,0.0,2.0,0.0,0.0,0.0,1.0,0.0,0.0,1.0,0.0,0.0,0.0,0.0,0.0,0.0,0.0,0.0,1.0,4.0,0.0,16.0,23.0,0.0,4.0,0.0,1.0,27.0,3.0,1.0,0.0,0.0,6.0,1.0,0.0,3.0,2.0,3.0,0.0,0.0,23.0,0.0,0.0,1.0,20.0,1.0,12.0,1.0,0.0,0.0,0.0,0.0,0.0,1.0,7.0,0.0,4.0,0.0,0.0,2.0,0.0,0.0,0.0,1.0,0.0,1.0,0.0,1.0,5.0,0.0,0.0,0.0,0.0,0.0,0.0,3.0,0.0,0.0,0.0,0.0,0.0,64.0,0.0,11.0,0.0,3.0,0.0,12.0,1.0,0.0,0.0,0.0,0.0,3.0,10.0,4.0,1.0,0.0,1.0,4.0,0.0,2.0,0.0,0.0,4.0,0.0,0.0,3.0,25.0,0.0,0.0,1.0,0.0,0.0,1.0,0.0,148.0,0.0,0.0,0.0,0.0,1.0,3.0,0.0,3.0,3.0,3.0,3.0,0.0,0.0,1.0,5.0,1.0,2.0,0.0,2.0,0.0,0.0,0.0,1.0,0.0,1.0,0.0,1.0,1.0,7.0,0.0,11.0,0.0,0.0,0.0,0.0,0.0,1.0,10.0,1.0,14.0,14.0,25.0,19.0,5.0,34.0,7.0,34.0,19.0,26.0,6.0,20.0,65.0,35.0,34.0,18.0,15.0,42.0,22.0,25.0,16.0,20.0,83.0,0.0,5.0,49.0,5.0,4.0,25.0,6.0,41.0,1.0,24.0,37.0,183.0,45.0,40.0,40.0,9.0,66.0,14.0,2.0,27.0,0.0,11.0,150.0,7.0,2.0,14.0,56.0,0.0,0.0,0.0,0.0,0.0,0.0,0.0,0.0,0.0,0.0,0.0,0.0,0.0,0.0,0.0,0.0,0.0,2.0,0.0,0.0,0.0,0.0,0.0,0.0,0.0,0.0,0.0,7.0,0.0,0.0,1.0,1.0,0.0,0.0,6.0,0.0,0.0,0.0,14.0,7.0,2.0,1.0,0.0,0.0,2.0,2.0,2.0,1.0,0.0,1.0,4.0,0.0,0.0,2.0,0.0,3.0,1.0,5.0,0.0,0.0,0.0,1.0,0.0,0.0,2.0,0.0,1.0,3.0,6.0,1.0,4.0,14.0,1.0,2.0,0.0,6.0,14.0,3.0,22.0,0.0,2.0,10.0,75.0,7.0,0.0,2.0,4.0,1.0,2.0,1.0,4.0,5.0,0.0,8.0,2.0,6.0,9.0,1.0,1.0,5.0,0.0,21.0,0.0
SE15,60.0,16.0,5.0,15.0,0.0,0.0,0.0,3.0,5.0,0.0,15.0,9.0,0.0,1.0,0.0,0.0,0.0,1.0,0.0,0.0,0.0,5.0,4.0,0.0,0.0,0.0,0.0,13.0,16.0,0.0,0.0,3.0,0.0,3.0,5.0,112.0,1.0,0.0,0.0,2.0,8.0,1.0,0.0,67.0,0.0,0.0,0.0,1.0,0.0,0.0,0.0,4.0,0.0,0.0,0.0,3.0,1.0,0.0,0.0,0.0,0.0,0.0,0.0,0.0,0.0,0.0,0.0,0.0,0.0,0.0,0.0,0.0,3.0,0.0,11.0,22.0,0.0,1.0,0.0,0.0,17.0,4.0,1.0,0.0,1.0,5.0,0.0,0.0,2.0,0.0,3.0,0.0,0.0,8.0,0.0,0.0,0.0,14.0,0.0,7.0,0.0,1.0,0.0,0.0,0.0,0.0,1.0,7.0,0.0,3.0,0.0,0.0,0.0,0.0,0.0,0.0,2.0,1.0,0.0,6.0,1.0,0.0,0.0,0.0,1.0,0.0,0.0,0.0,2.0,0.0,0.0,0.0,0.0,1.0,36.0,0.0,3.0,0.0,2.0,0.0,5.0,1.0,0.0,0.0,0.0,0.0,0.0,2.0,0.0,0.0,0.0,0.0,6.0,0.0,1.0,0.0,0.0,1.0,0.0,0.0,2.0,18.0,1.0,0.0,6.0,0.0,1.0,2.0,1.0,156.0,0.0,0.0,0.0,0.0,42.0,1.0,0.0,0.0,5.0,2.0,12.0,0.0,0.0,0.0,4.0,1.0,6.0,1.0,2.0,3.0,1.0,0.0,0.0,1.0,1.0,0.0,0.0,2.0,4.0,1.0,16.0,1.0,0.0,1.0,1.0,0.0,0.0,15.0,1.0,20.0,37.0,18.0,40.0,4.0,52.0,4.0,40.0,20.0,50.0,2.0,18.0,78.0,22.0,48.0,8.0,14.0,38.0,37.0,30.0,24.0,14.0,96.0,1.0,8.0,47.0,13.0,7.0,47.0,9.0,52.0,5.0,35.0,42.0,209.0,45.0,51.0,46.0,35.0,79.0,37.0,3.0,46.0,0.0,13.0,167.0,3.0,1.0,7.0,175.0,0.0,0.0,0.0,0.0,0.0,0.0,0.0,0.0,1.0,0.0,0.0,4.0,0.0,0.0,0.0,0.0,0.0,2.0,0.0,0.0,0.0,0.0,0.0,0.0,0.0,0.0,0.0,3.0,0.0,0.0,0.0,0.0,0.0,2.0,14.0,0.0,0.0,0.0,11.0,14.0,0.0,0.0,0.0,0.0,4.0,3.0,0.0,1.0,0.0,1.0,2.0,2.0,1.0,0.0,0.0,1.0,0.0,9.0,0.0,3.0,0.0,1.0,0.0,0.0,0.0,0.0,2.0,8.0,5.0,0.0,0.0,11.0,0.0,0.0,0.0,4.0,18.0,0.0,13.0,0.0,1.0,7.0,33.0,14.0,0.0,0.0,6.0,0.0,0.0,2.0,1.0,1.0,0.0,1.0,0.0,0.0,2.0,0.0,0.0,4.0,0.0,3.0,0.0
SE16,109.0,16.0,9.0,18.0,0.0,0.0,0.0,2.0,0.0,0.0,35.0,8.0,1.0,1.0,1.0,0.0,0.0,4.0,2.0,0.0,1.0,6.0,3.0,0.0,1.0,4.0,0.0,6.0,17.0,3.0,1.0,1.0,2.0,2.0,8.0,57.0,1.0,0.0,1.0,30.0,4.0,0.0,0.0,53.0,0.0,0.0,0.0,0.0,0.0,0.0,0.0,0.0,0.0,1.0,0.0,0.0,9.0,0.0,0.0,0.0,0.0,0.0,0.0,0.0,0.0,0.0,0.0,0.0,0.0,0.0,0.0,0.0,7.0,0.0,10.0,18.0,0.0,0.0,0.0,0.0,8.0,9.0,1.0,0.0,0.0,4.0,0.0,0.0,0.0,0.0,8.0,0.0,0.0,11.0,0.0,0.0,0.0,14.0,0.0,9.0,0.0,1.0,0.0,0.0,0.0,0.0,5.0,0.0,0.0,3.0,0.0,0.0,5.0,0.0,1.0,0.0,1.0,0.0,1.0,3.0,1.0,0.0,0.0,0.0,0.0,0.0,0.0,0.0,0.0,0.0,0.0,0.0,0.0,0.0,18.0,0.0,5.0,1.0,1.0,0.0,1.0,1.0,0.0,0.0,0.0,0.0,5.0,6.0,3.0,0.0,1.0,0.0,9.0,0.0,2.0,0.0,1.0,0.0,0.0,1.0,1.0,9.0,1.0,0.0,0.0,0.0,1.0,2.0,0.0,133.0,0.0,0.0,0.0,0.0,14.0,8.0,1.0,0.0,7.0,3.0,10.0,0.0,1.0,1.0,6.0,1.0,13.0,3.0,2.0,2.0,0.0,3.0,1.0,0.0,3.0,10.0,1.0,7.0,7.0,1.0,74.0,1.0,0.0,1.0,0.0,0.0,0.0,18.0,5.0,21.0,49.0,22.0,73.0,1.0,47.0,3.0,81.0,34.0,146.0,0.0,28.0,106.0,21.0,94.0,13.0,18.0,34.0,39.0,21.0,31.0,23.0,117.0,0.0,24.0,67.0,10.0,3.0,32.0,15.0,71.0,5.0,42.0,46.0,331.0,136.0,53.0,115.0,67.0,123.0,42.0,1.0,49.0,2.0,42.0,173.0,10.0,6.0,5.0,362.0,0.0,0.0,0.0,0.0,0.0,1.0,0.0,0.0,2.0,1.0,0.0,0.0,0.0,0.0,0.0,0.0,0.0,1.0,0.0,0.0,0.0,0.0,0.0,0.0,0.0,0.0,0.0,8.0,4.0,0.0,2.0,0.0,1.0,0.0,24.0,0.0,0.0,0.0,21.0,10.0,0.0,0.0,0.0,0.0,7.0,1.0,1.0,0.0,0.0,0.0,4.0,3.0,0.0,0.0,0.0,0.0,1.0,6.0,0.0,0.0,0.0,0.0,0.0,1.0,0.0,0.0,4.0,1.0,5.0,6.0,0.0,22.0,1.0,1.0,0.0,4.0,16.0,1.0,22.0,0.0,1.0,8.0,25.0,3.0,0.0,0.0,12.0,0.0,2.0,0.0,0.0,1.0,0.0,0.0,1.0,0.0,3.0,1.0,1.0,0.0,0.0,4.0,0.0
SE17,160.0,40.0,16.0,30.0,0.0,1.0,0.0,1.0,1.0,5.0,27.0,5.0,0.0,3.0,0.0,2.0,0.0,1.0,0.0,0.0,0.0,2.0,3.0,2.0,0.0,2.0,0.0,3.0,11.0,0.0,0.0,3.0,0.0,1.0,17.0,25.0,0.0,0.0,0.0,20.0,5.0,1.0,0.0,69.0,0.0,0.0,0.0,0.0,0.0,0.0,0.0,12.0,0.0,0.0,0.0,2.0,12.0,0.0,0.0,0.0,0.0,0.0,0.0,0.0,0.0,0.0,0.0,0.0,0.0,0.0,0.0,0.0,1.0,0.0,12.0,14.0,0.0,5.0,0.0,0.0,2.0,0.0,5.0,0.0,0.0,0.0,0.0,0.0,1.0,0.0,0.0,0.0,0.0,4.0,0.0,0.0,1.0,21.0,0.0,1.0,0.0,1.0,0.0,0.0,0.0,0.0,8.0,0.0,0.0,5.0,0.0,0.0,1.0,0.0,1.0,0.0,0.0,1.0,1.0,1.0,0.0,0.0,0.0,0.0,0.0,0.0,0.0,0.0,0.0,0.0,0.0,0.0,0.0,0.0,15.0,0.0,1.0,1.0,0.0,0.0,4.0,1.0,0.0,0.0,0.0,0.0,6.0,7.0,0.0,2.0,0.0,0.0,5.0,0.0,1.0,0.0,0.0,0.0,0.0,0.0,2.0,8.0,0.0,0.0,0.0,0.0,0.0,0.0,0.0,86.0,0.0,0.0,0.0,0.0,4.0,2.0,1.0,0.0,4.0,0.0,10.0,0.0,0.0,0.0,3.0,0.0,2.0,0.0,0.0,0.0,0.0,0.0,0.0,0.0,2.0,0.0,0.0,1.0,4.0,0.0,17.0,1.0,0.0,0.0,2.0,1.0,0.0,19.0,1.0,68.0,108.0,36.0,133.0,4.0,87.0,7.0,170.0,57.0,308.0,4.0,64.0,204.0,72.0,153.0,41.0,50.0,74.0,66.0,68.0,105.0,79.0,155.0,2.0,36.0,70.0,16.0,6.0,71.0,28.0,123.0,17.0,40.0,137.0,376.0,318.0,99.0,284.0,111.0,162.0,84.0,4.0,78.0,10.0,91.0,388.0,10.0,5.0,13.0,620.0,0.0,1.0,0.0,1.0,0.0,1.0,3.0,0.0,4.0,5.0,0.0,5.0,0.0,0.0,0.0,0.0,3.0,0.0,1.0,0.0,0.0,0.0,0.0,0.0,0.0,0.0,0.0,12.0,5.0,2.0,0.0,3.0,1.0,0.0,37.0,0.0,0.0,2.0,42.0,0.0,0.0,1.0,2.0,5.0,2.0,0.0,5.0,0.0,0.0,12.0,0.0,3.0,0.0,0.0,0.0,1.0,0.0,1.0,1.0,2.0,0.0,0.0,0.0,0.0,0.0,0.0,2.0,5.0,12.0,2.0,0.0,38.0,2.0,2.0,4.0,4.0,26.0,5.0,26.0,0.0,0.0,8.0,17.0,1.0,0.0,0.0,12.0,0.0,0.0,0.0,0.0,0.0,0.0,2.0,0.0,0.0,3.0,0.0,3.0,0.0,0.0,6.0,0.0
SE18,216.0,54.0,45.0,76.0,0.0,0.0,3.0,1.0,2.0,0.0,12.0,1.0,0.0,0.0,0.0,0.0,0.0,1.0,1.0,1.0,2.0,8.0,3.0,13.0,0.0,1.0,0.0,2.0,0.0,0.0,4.0,0.0,2.0,4.0,13.0,27.0,0.0,0.0,0.0,11.0,4.0,0.0,0.0,51.0,0.0,0.0,0.0,0.0,0.0,2.0,0.0,28.0,1.0,0.0,1.0,5.0,9.0,0.0,0.0,0.0,0.0,0.0,0.0,0.0,0.0,0.0,0.0,0.0,0.0,0.0,0.0,5.0,3.0,0.0,8.0,19.0,0.0,2.0,1.0,0.0,6.0,1.0,1.0,1.0,1.0,4.0,1.0,2.0,3.0,0.0,3.0,0.0,0.0,2.0,0.0,0.0,0.0,17.0,0.0,4.0,0.0,2.0,0.0,2.0,1.0,2.0,23.0,1.0,0.0,17.0,0.0,1.0,15.0,0.0,3.0,1.0,3.0,3.0,1.0,21.0,0.0,0.0,0.0,0.0,0.0,0.0,0.0,0.0,0.0,0.0,0.0,0.0,0.0,0.0,24.0,0.0,1.0,0.0,0.0,0.0,6.0,2.0,0.0,1.0,0.0,0.0,4.0,2.0,0.0,0.0,0.0,0.0,2.0,0.0,3.0,0.0,0.0,0.0,0.0,1.0,1.0,4.0,0.0,0.0,0.0,0.0,4.0,0.0,0.0,108.0,0.0,0.0,0.0,0.0,2.0,1.0,0.0,1.0,1.0,1.0,12.0,0.0,0.0,0.0,4.0,2.0,0.0,0.0,0.0,2.0,0.0,0.0,0.0,1.0,0.0,0.0,1.0,8.0,3.0,0.0,12.0,3.0,0.0,0.0,0.0,0.0,0.0,62.0,8.0,226.0,267.0,134.0,378.0,18.0,222.0,16.0,365.0,201.0,569.0,13.0,121.0,591.0,268.0,321.0,75.0,138.0,241.0,150.0,165.0,197.0,189.0,426.0,2.0,85.0,151.0,60.0,29.0,179.0,56.0,397.0,38.0,94.0,364.0,861.0,551.0,265.0,740.0,296.0,339.0,227.0,24.0,202.0,7.0,247.0,948.0,44.0,11.0,56.0,792.0,0.0,1.0,0.0,0.0,0.0,5.0,7.0,0.0,3.0,2.0,0.0,4.0,0.0,0.0,3.0,1.0,0.0,0.0,0.0,0.0,0.0,2.0,1.0,2.0,0.0,0.0,0.0,26.0,3.0,1.0,2.0,3.0,0.0,0.0,111.0,0.0,0.0,8.0,104.0,1.0,3.0,4.0,4.0,3.0,2.0,4.0,5.0,0.0,1.0,6.0,5.0,4.0,0.0,0.0,0.0,8.0,1.0,7.0,2.0,10.0,2.0,0.0,0.0,0.0,0.0,0.0,2.0,3.0,19.0,3.0,0.0,67.0,2.0,6.0,15.0,5.0,82.0,30.0,79.0,0.0,0.0,9.0,15.0,0.0,0.0,0.0,3.0,0.0,0.0,1.0,0.0,0.0,0.0,2.0,1.0,0.0,3.0,0.0,3.0,0.0,0.0,2.0,0.0
SE19,310.0,91.0,42.0,45.0,0.0,0.0,5.0,3.0,7.0,1.0,11.0,0.0,1.0,2.0,1.0,1.0,0.0,0.0,12.0,0.0,3.0,9.0,3.0,13.0,0.0,0.0,0.0,6.0,5.0,1.0,1.0,3.0,1.0,3.0,18.0,49.0,0.0,0.0,1.0,2.0,5.0,1.0,1.0,44.0,0.0,0.0,0.0,0.0,0.0,2.0,0.0,27.0,1.0,0.0,0.0,10.0,13.0,0.0,0.0,0.0,0.0,0.0,1.0,0.0,0.0,0.0,0.0,0.0,0.0,0.0,2.0,4.0,4.0,0.0,7.0,19.0,0.0,14.0,3.0,2.0,11.0,2.0,17.0,1.0,0.0,32.0,16.0,3.0,8.0,7.0,2.0,0.0,0.0,14.0,1.0,4.0,0.0,18.0,0.0,16.0,1.0,4.0,2.0,7.0,0.0,3.0,84.0,0.0,0.0,50.0,1.0,6.0,32.0,0.0,6.0,0.0,2.0,5.0,1.0,19.0,1.0,1.0,0.0,0.0,0.0,0.0,1.0,0.0,1.0,0.0,0.0,5.0,1.0,0.0,17.0,0.0,9.0,2.0,1.0,0.0,1.0,0.0,0.0,0.0,0.0,0.0,4.0,5.0,0.0,0.0,6.0,1.0,2.0,0.0,0.0,0.0,0.0,2.0,0.0,0.0,0.0,2.0,0.0,0.0,1.0,0.0,0.0,1.0,0.0,82.0,0.0,2.0,0.0,0.0,1.0,6.0,1.0,4.0,2.0,1.0,20.0,0.0,0.0,0.0,12.0,5.0,3.0,2.0,6.0,4.0,1.0,0.0,1.0,0.0,2.0,0.0,1.0,6.0,7.0,5.0,22.0,3.0,0.0,1.0,5.0,0.0,4.0,136.0,19.0,203.0,566.0,369.0,630.0,40.0,402.0,39.0,567.0,369.0,779.0,25.0,240.0,1016.0,614.0,666.0,124.0,294.0,490.0,262.0,344.0,350.0,435.0,900.0,18.0,104.0,364.0,98.0,82.0,362.0,109.0,972.0,58.0,272.0,665.0,1551.0,814.0,460.0,1179.0,629.0,655.0,503.0,48.0,439.0,9.0,454.0,1669.0,59.0,34.0,158.0,1662.0,1.0,5.0,1.0,4.0,15.0,12.0,13.0,0.0,2.0,2.0,1.0,9.0,1.0,0.0,4.0,1.0,6.0,8.0,0.0,0.0,0.0,3.0,3.0,2.0,1.0,0.0,0.0,87.0,8.0,5.0,8.0,16.0,5.0,1.0,141.0,0.0,0.0,2.0,259.0,4.0,5.0,81.0,6.0,4.0,7.0,3.0,12.0,9.0,1.0,9.0,9.0,7.0,0.0,0.0,0.0,7.0,2.0,24.0,5.0,21.0,4.0,2.0,4.0,0.0,1.0,4.0,7.0,17.0,47.0,24.0,2.0,61.0,7.0,19.0,2.0,4.0,114.0,40.0,139.0,0.0,11.0,23.0,20.0,4.0,0.0,0.0,1.0,1.0,0.0,0.0,3.0,0.0,1.0,2.0,7.0,1.0,7.0,0.0,0.0,2.0,0.0,2.0,0.0
SE20,313.0,234.0,30.0,51.0,0.0,2.0,5.0,12.0,8.0,1.0,7.0,2.0,0.0,9.0,5.0,0.0,0.0,0.0,11.0,0.0,0.0,3.0,2.0,27.0,0.0,1.0,0.0,5.0,24.0,0.0,6.0,2.0,0.0,5.0,11.0,44.0,1.0,2.0,4.0,4.0,7.0,2.0,0.0,89.0,0.0,0.0,0.0,0.0,0.0,1.0,0.0,14.0,4.0,0.0,0.0,2.0,2.0,0.0,0.0,0.0,0.0,0.0,1.0,0.0,0.0,0.0,0.0,0.0,0.0,7.0,2.0,14.0,2.0,1.0,9.0,21.0,0.0,15.0,0.0,0.0,9.0,5.0,20.0,0.0,1.0,64.0,10.0,1.0,4.0,12.0,2.0,0.0,0.0,14.0,1.0,9.0,0.0,18.0,0.0,6.0,4.0,3.0,4.0,3.0,2.0,4.0,85.0,1.0,0.0,50.0,0.0,19.0,47.0,0.0,0.0,1.0,2.0,3.0,3.0,23.0,0.0,0.0,0.0,0.0,0.0,0.0,3.0,0.0,0.0,1.0,0.0,0.0,0.0,5.0,8.0,0.0,18.0,0.0,4.0,0.0,6.0,1.0,0.0,0.0,2.0,0.0,5.0,2.0,2.0,1.0,4.0,5.0,2.0,0.0,0.0,1.0,1.0,1.0,8.0,4.0,0.0,10.0,0.0,0.0,0.0,0.0,3.0,0.0,0.0,52.0,0.0,0.0,0.0,0.0,0.0,12.0,0.0,9.0,3.0,2.0,43.0,0.0,3.0,0.0,17.0,12.0,13.0,4.0,6.0,5.0,7.0,0.0,1.0,1.0,2.0,8.0,0.0,14.0,8.0,10.0,53.0,3.0,0.0,2.0,9.0,1.0,1.0,188.0,31.0,276.0,678.0,537.0,709.0,70.0,551.0,72.0,670.0,499.0,772.0,36.0,327.0,1526.0,917.0,875.0,221.0,347.0,677.0,398.0,427.0,492.0,532.0,1311.0,24.0,211.0,533.0,169.0,87.0,423.0,205.0,1313.0,71.0,316.0,1007.0,2187.0,949.0,581.0,1118.0,730.0,891.0,645.0,54.0,508.0,16.0,551.0,1657.0,93.0,43.0,208.0,2712.0,7.0,13.0,3.0,10.0,9.0,16.0,22.0,0.0,4.0,3.0,2.0,18.0,3.0,0.0,6.0,11.0,2.0,4.0,2.0,2.0,2.0,2.0,8.0,4.0,4.0,0.0,1.0,176.0,19.0,5.0,9.0,25.0,4.0,2.0,267.0,0.0,0.0,10.0,401.0,1.0,14.0,29.0,13.0,6.0,18.0,9.0,7.0,9.0,7.0,16.0,14.0,6.0,8.0,0.0,0.0,4.0,10.0,31.0,29.0,57.0,6.0,5.0,5.0,6.0,4.0,7.0,7.0,19.0,76.0,23.0,14.0,99.0,3.0,60.0,5.0,11.0,145.0,50.0,201.0,0.0,8.0,44.0,64.0,15.0,0.0,2.0,8.0,3.0,1.0,5.0,1.0,3.0,4.0,9.0,4.0,0.0,7.0,0.0,2.0,3.0,1.0,2.0,0.0
SE21,304.0,282.0,13.0,19.0,0.0,4.0,3.0,6.0,8.0,0.0,24.0,14.0,1.0,9.0,18.0,1.0,0.0,4.0,28.0,6.0,5.0,14.0,7.0,12.0,1.0,3.0,5.0,2.0,16.0,0.0,15.0,12.0,1.0,4.0,9.0,28.0,3.0,5.0,4.0,20.0,21.0,4.0,1.0,147.0,0.0,0.0,0.0,0.0,0.0,1.0,1.0,25.0,3.0,0.0,0.0,0.0,6.0,0.0,1.0,0.0,0.0,0.0,4.0,0.0,0.0,0.0,0.0,0.0,0.0,45.0,1.0,17.0,3.0,9.0,9.0,91.0,1.0,50.0,2.0,2.0,17.0,12.0,8.0,0.0,0.0,90.0,15.0,1.0,8.0,10.0,10.0,0.0,1.0,38.0,0.0,7.0,0.0,42.0,0.0,8.0,6.0,5.0,6.0,3.0,0.0,3.0,70.0,5.0,0.0,76.0,3.0,25.0,58.0,2.0,4.0,2.0,5.0,5.0,10.0,10.0,0.0,0.0,0.0,0.0,0.0,0.0,2.0,0.0,3.0,0.0,0.0,0.0,0.0,9.0,20.0,0.0,56.0,0.0,7.0,0.0,13.0,0.0,0.0,0.0,5.0,0.0,4.0,0.0,1.0,2.0,2.0,19.0,2.0,0.0,0.0,12.0,2.0,3.0,13.0,4.0,3.0,30.0,0.0,0.0,1.0,0.0,3.0,0.0,0.0,51.0,0.0,0.0,0.0,0.0,0.0,15.0,1.0,13.0,5.0,0.0,149.0,0.0,15.0,0.0,18.0,11.0,13.0,9.0,42.0,4.0,1.0,8.0,7.0,17.0,1.0,12.0,3.0,18.0,9.0,28.0,73.0,4.0,0.0,0.0,12.0,0.0,4.0,229.0,36.0,313.0,720.0,608.0,665.0,95.0,549.0,138.0,675.0,447.0,761.0,70.0,306.0,1716.0,1023.0,1262.0,304.0,397.0,742.0,411.0,377.0,505.0,629.0,1542.0,36.0,345.0,745.0,227.0,131.0,383.0,306.0,1627.0,161.0,388.0,1275.0,2570.0,887.0,704.0,990.0,831.0,1071.0,453.0,92.0,610.0,16.0,532.0,1816.0,121.0,58.0,173.0,2943.0,0.0,8.0,7.0,8.0,13.0,15.0,24.0,0.0,3.0,0.0,1.0,25.0,1.0,1.0,15.0,5.0,6.0,12.0,3.0,2.0,7.0,2.0,3.0,7.0,3.0,0.0,1.0,221.0,30.0,13.0,23.0,16.0,9.0,12.0,321.0,3.0,2.0,6.0,500.0,7.0,38.0,32.0,10.0,7.0,20.0,29.0,17.0,9.0,3.0,19.0,15.0,16.0,10.0,0.0,0.0,5.0,17.0,24.0,23.0,84.0,6.0,11.0,6.0,4.0,5.0,6.0,7.0,45.0,78.0,29.0,18.0,94.0,10.0,70.0,8.0,6.0,235.0,66.0,228.0,0.0,6.0,25.0,59.0,22.0,0.0,6.0,1.0,7.0,3.0,3.0,2.0,0.0,2.0,6.0,1.0,0.0,13.0,1.0,6.0,9.0,0.0,0.0,0.0
SE22,352.0,436.0,12.0,19.0,0.0,4.0,12.0,9.0,4.0,0.0,19.0,11.0,12.0,6.0,0.0,2.0,0.0,1.0,16.0,43.0,5.0,21.0,19.0,1.0,3.0,2.0,2.0,3.0,13.0,2.0,20.0,16.0,1.0,2.0,4.0,17.0,1.0,1.0,5.0,14.0,9.0,7.0,1.0,192.0,0.0,0.0,0.0,0.0,1.0,3.0,0.0,57.0,6.0,0.0,2.0,1.0,15.0,0.0,2.0,0.0,0.0,0.0,3.0,0.0,0.0,0.0,0.0,0.0,0.0,55.0,13.0,24.0,3.0,4.0,26.0,99.0,1.0,130.0,4.0,0.0,29.0,7.0,7.0,6.0,3.0,79.0,21.0,11.0,7.0,9.0,14.0,2.0,3.0,64.0,2.0,19.0,3.0,69.0,1.0,15.0,11.0,12.0,6.0,7.0,2.0,5.0,150.0,21.0,1.0,115.0,5.0,27.0,114.0,2.0,16.0,5.0,15.0,4.0,8.0,2.0,1.0,0.0,0.0,0.0,0.0,0.0,0.0,0.0,2.0,0.0,1.0,3.0,0.0,0.0,30.0,0.0,59.0,0.0,8.0,0.0,22.0,1.0,0.0,0.0,7.0,0.0,3.0,0.0,0.0,3.0,2.0,8.0,6.0,0.0,1.0,11.0,0.0,2.0,3.0,8.0,1.0,24.0,1.0,0.0,0.0,0.0,0.0,0.0,0.0,24.0,0.0,0.0,0.0,0.0,0.0,52.0,0.0,15.0,6.0,1.0,192.0,0.0,29.0,2.0,30.0,23.0,30.0,22.0,56.0,5.0,9.0,4.0,6.0,43.0,8.0,20.0,7.0,20.0,22.0,7.0,84.0,7.0,0.0,9.0,23.0,4.0,8.0,217.0,69.0,270.0,744.0,612.0,643.0,137.0,747.0,100.0,735.0,419.0,724.0,89.0,425.0,1626.0,800.0,1363.0,252.0,378.0,671.0,356.0,517.0,606.0,549.0,1670.0,37.0,477.0,648.0,231.0,152.0,500.0,308.0,1564.0,149.0,425.0,1252.0,2587.0,1028.0,724.0,864.0,780.0,1298.0,481.0,67.0,595.0,21.0,457.0,1588.0,153.0,62.0,144.0,2167.0,4.0,7.0,10.0,3.0,4.0,9.0,22.0,1.0,5.0,1.0,10.0,35.0,4.0,3.0,21.0,9.0,1.0,5.0,1.0,1.0,7.0,2.0,2.0,4.0,6.0,2.0,4.0,284.0,26.0,20.0,16.0,12.0,7.0,0.0,317.0,8.0,1.0,8.0,455.0,8.0,57.0,25.0,7.0,16.0,22.0,27.0,10.0,13.0,14.0,26.0,15.0,26.0,15.0,0.0,0.0,12.0,26.0,37.0,25.0,95.0,6.0,7.0,4.0,13.0,9.0,8.0,14.0,83.0,109.0,39.0,15.0,140.0,16.0,115.0,13.0,9.0,328.0,123.0,295.0,1.0,42.0,19.0,68.0,12.0,0.0,11.0,1.0,15.0,2.0,11.0,5.0,2.0,0.0,13.0,4.0,0.0,28.0,0.0,8.0,8.0,0.0,6.0,0.0
SE23,488.0,796.0,11.0,10.0,0.0,18.0,6.0,7.0,5.0,5.0,57.0,5.0,5.0,7.0,11.0,4.0,0.0,1.0,18.0,43.0,5.0,6.0,1.0,0.0,2.0,9.0,1.0,23.0,4.0,7.0,9.0,10.0,0.0,3.0,6.0,22.0,2.0,0.0,6.0,23.0,7.0,7.0,0.0,271.0,0.0,0.0,1.0,0.0,3.0,2.0,2.0,113.0,4.0,2.0,6.0,10.0,27.0,0.0,0.0,0.0,0.0,0.0,3.0,0.0,0.0,0.0,0.0,0.0,0.0,31.0,2.0,22.0,8.0,7.0,40.0,132.0,0.0,112.0,11.0,0.0,24.0,13.0,8.0,6.0,4.0,89.0,22.0,3.0,5.0,12.0,43.0,3.0,2.0,64.0,6.0,8.0,17.0,54.0,4.0,53.0,25.0,3.0,8.0,5.0,2.0,3.0,144.0,14.0,2.0,113.0,5.0,24.0,171.0,1.0,2.0,6.0,14.0,7.0,9.0,4.0,0.0,0.0,0.0,0.0,0.0,0.0,0.0,0.0,3.0,0.0,1.0,3.0,0.0,0.0,23.0,0.0,71.0,0.0,21.0,0.0,2.0,1.0,0.0,0.0,0.0,0.0,0.0,3.0,0.0,1.0,5.0,15.0,11.0,0.0,3.0,14.0,2.0,0.0,0.0,18.0,1.0,16.0,0.0,0.0,0.0,0.0,0.0,1.0,1.0,35.0,0.0,0.0,0.0,0.0,0.0,55.0,8.0,10.0,19.0,1.0,275.0,2.0,29.0,5.0,43.0,29.0,31.0,24.0,33.0,6.0,12.0,3.0,6.0,17.0,3.0,23.0,17.0,38.0,51.0,18.0,164.0,11.0,0.0,17.0,13.0,6.0,15.0,280.0,69.0,345.0,743.0,596.0,638.0,104.0,837.0,125.0,698.0,381.0,565.0,97.0,413.0,1660.0,812.0,1366.0,239.0,435.0,553.0,325.0,557.0,510.0,626.0,1804.0,38.0,470.0,655.0,269.0,270.0,571.0,335.0,1420.0,116.0,288.0,1266.0,2815.0,1083.0,642.0,756.0,822.0,1412.0,556.0,77.0,640.0,27.0,555.0,1418.0,184.0,92.0,135.0,1544.0,6.0,12.0,12.0,5.0,4.0,19.0,31.0,4.0,9.0,6.0,5.0,54.0,6.0,0.0,27.0,7.0,11.0,12.0,5.0,3.0,12.0,1.0,5.0,2.0,10.0,0.0,2.0,427.0,43.0,16.0,22.0,21.0,18.0,8.0,275.0,4.0,9.0,13.0,440.0,9.0,89.0,23.0,19.0,20.0,49.0,27.0,15.0,21.0,15.0,52.0,18.0,17.0,11.0,0.0,0.0,15.0,32.0,84.0,35.0,140.0,11.0,12.0,15.0,16.0,4.0,26.0,29.0,188.0,156.0,47.0,19.0,140.0,32.0,182.0,18.0,30.0,495.0,176.0,408.0,2.0,34.0,17.0,112.0,27.0,0.0,8.0,5.0,4.0,2.0,17.0,5.0,0.0,0.0,24.0,1.0,1.0,60.0,0.0,9.0,9.0,1.0,2.0,0.0
SE24,580.0,930.0,6.0,17.0,2.0,21.0,8.0,9.0,24.0,11.0,63.0,5.0,2.0,9.0,8.0,9.0,0.0,2.0,5.0,13.0,6.0,10.0,6.0,0.0,1.0,8.0,0.0,19.0,7.0,3.0,2.0,5.0,6.0,6.0,4.0,32.0,11.0,0.0,11.0,20.0,5.0,23.0,1.0,269.0,0.0,0.0,9.0,0.0,1.0,7.0,7.0,123.0,8.0,1.0,3.0,15.0,54.0,0.0,2.0,0.0,0.0,0.0,2.0,0.0,0.0,0.0,0.0,0.0,0.0,12.0,5.0,32.0,30.0,1.0,58.0,246.0,0.0,151.0,9.0,7.0,69.0,17.0,10.0,5.0,4.0,89.0,42.0,3.0,20.0,22.0,73.0,1.0,2.0,97.0,0.0,11.0,22.0,109.0,5.0,66.0,12.0,18.0,16.0,0.0,0.0,2.0,145.0,18.0,0.0,129.0,7.0,42.0,180.0,2.0,7.0,1.0,4.0,2.0,30.0,4.0,1.0,1.0,0.0,0.0,0.0,1.0,1.0,7.0,6.0,0.0,1.0,12.0,2.0,1.0,25.0,0.0,99.0,0.0,9.0,0.0,0.0,2.0,0.0,1.0,0.0,1.0,1.0,4.0,0.0,1.0,2.0,5.0,12.0,0.0,10.0,21.0,12.0,3.0,1.0,6.0,1.0,33.0,1.0,0.0,0.0,0.0,0.0,0.0,0.0,122.0,0.0,0.0,0.0,0.0,1.0,46.0,6.0,23.0,24.0,3.0,268.0,6.0,20.0,4.0,80.0,51.0,33.0,24.0,25.0,3.0,13.0,6.0,15.0,19.0,4.0,36.0,11.0,44.0,44.0,7.0,210.0,33.0,0.0,10.0,16.0,7.0,24.0,262.0,72.0,327.0,620.0,413.0,550.0,101.0,701.0,115.0,562.0,277.0,443.0,76.0,314.0,1172.0,629.0,924.0,214.0,362.0,477.0,300.0,389.0,475.0,449.0,1599.0,25.0,409.0,546.0,221.0,232.0,426.0,341.0,1078.0,113.0,227.0,848.0,2349.0,877.0,516.0,572.0,778.0,1204.0,455.0,60.0,477.0,9.0,416.0,1164.0,215.0,61.0,95.0,1859.0,20.0,17.0,18.0,7.0,9.0,31.0,48.0,6.0,14.0,14.0,7.0,102.0,11.0,5.0,23.0,12.0,12.0,16.0,7.0,2.0,11.0,1.0,9.0,6.0,3.0,1.0,9.0,647.0,75.0,42.0,26.0,36.0,24.0,5.0,211.0,2.0,18.0,7.0,452.0,11.0,104.0,28.0,16.0,33.0,55.0,23.0,21.0,23.0,14.0,42.0,11.0,19.0,14.0,0.0,0.0,12.0,51.0,97.0,24.0,115.0,15.0,20.0,7.0,11.0,5.0,24.0,27.0,188.0,154.0,39.0,19.0,126.0,19.0,173.0,30.0,19.0,520.0,182.0,384.0,3.0,44.0,16.0,123.0,21.0,0.0,9.0,11.0,16.0,7.0,18.0,20.0,3.0,0.0,20.0,1.0,4.0,92.0,0.0,52.0,5.0,0.0,5.0,0.0
SE25,609.0,721.0,30.0,31.0,4.0,27.0,1.0,10.0,33.0,45.0,45.0,7.0,0.0,6.0,3.0,0.0,0.0,0.0,8.0,6.0,0.0,6.0,4.0,3.0,1.0,8.0,0.0,10.0,2.0,6.0,8.0,5.0,5.0,14.0,0.0,31.0,9.0,0.0,6.0,1.0,4.0,19.0,2.0,275.0,0.0,0.0,0.0,0.0,1.0,6.0,10.0,136.0,5.0,9.0,4.0,14.0,67.0,9.0,2.0,0.0,0.0,0.0,4.0,0.0,0.0,0.0,0.0,0.0,0.0,10.0,17.0,65.0,46.0,7.0,50.0,244.0,10.0,210.0,17.0,7.0,80.0,38.0,15.0,8.0,39.0,126.0,62.0,12.0,28.0,15.0,51.0,1.0,1.0,113.0,8.0,23.0,14.0,135.0,9.0,62.0,24.0,37.0,50.0,5.0,1.0,7.0,162.0,19.0,1.0,179.0,9.0,20.0,138.0,0.0,5.0,0.0,3.0,1.0,25.0,1.0,16.0,0.0,0.0,0.0,1.0,1.0,0.0,1.0,23.0,0.0,3.0,18.0,10.0,2.0,16.0,0.0,110.0,0.0,9.0,0.0,0.0,0.0,0.0,3.0,0.0,0.0,1.0,0.0,0.0,7.0,1.0,1.0,7.0,1.0,3.0,4.0,1.0,1.0,3.0,8.0,3.0,40.0,1.0,0.0,0.0,0.0,5.0,0.0,1.0,81.0,0.0,0.0,0.0,0.0,1.0,52.0,9.0,23.0,45.0,10.0,221.0,14.0,11.0,5.0,83.0,33.0,48.0,43.0,30.0,3.0,9.0,3.0,3.0,13.0,12.0,50.0,10.0,63.0,34.0,10.0,261.0,31.0,0.0,8.0,7.0,12.0,14.0,184.0,52.0,219.0,448.0,308.0,424.0,64.0,489.0,142.0,404.0,276.0,298.0,71.0,261.0,974.0,479.0,605.0,162.0,231.0,328.0,108.0,333.0,347.0,351.0,1109.0,24.0,387.0,389.0,163.0,181.0,314.0,292.0,768.0,81.0,183.0,698.0,1665.0,599.0,370.0,447.0,752.0,940.0,317.0,36.0,425.0,27.0,287.0,873.0,177.0,46.0,84.0,1961.0,16.0,15.0,21.0,17.0,18.0,63.0,59.0,2.0,24.0,20.0,6.0,201.0,10.0,3.0,24.0,8.0,8.0,25.0,5.0,1.0,1.0,5.0,14.0,5.0,2.0,1.0,15.0,994.0,111.0,66.0,54.0,45.0,14.0,62.0,148.0,4.0,16.0,7.0,379.0,10.0,50.0,20.0,6.0,27.0,69.0,27.0,17.0,21.0,3.0,43.0,7.0,12.0,19.0,0.0,0.0,9.0,32.0,99.0,28.0,99.0,16.0,9.0,10.0,9.0,13.0,16.0,21.0,196.0,188.0,38.0,22.0,83.0,20.0,104.0,31.0,12.0,476.0,189.0,395.0,17.0,78.0,18.0,169.0,23.0,0.0,18.0,15.0,9.0,7.0,4.0,31.0,8.0,4.0,15.0,8.0,5.0,51.0,0.0,38.0,3.0,1.0,11.0,0.0
SE26,173.0,214.0,2.0,3.0,0.0,8.0,1.0,0.0,9.0,18.0,8.0,2.0,0.0,3.0,4.0,0.0,0.0,0.0,0.0,2.0,0.0,7.0,8.0,0.0,0.0,4.0,0.0,2.0,1.0,2.0,9.0,4.0,1.0,6.0,0.0,16.0,1.0,0.0,5.0,0.0,5.0,7.0,0.0,133.0,0.0,0.0,1.0,1.0,0.0,2.0,2.0,60.0,2.0,3.0,1.0,3.0,13.0,0.0,2.0,0.0,0.0,0.0,8.0,0.0,0.0,0.0,0.0,0.0,0.0,2.0,3.0,35.0,15.0,4.0,30.0,93.0,20.0,80.0,7.0,7.0,49.0,21.0,11.0,1.0,11.0,72.0,28.0,11.0,13.0,14.0,19.0,3.0,3.0,42.0,2.0,7.0,4.0,50.0,6.0,18.0,27.0,6.0,67.0,5.0,4.0,0.0,73.0,6.0,0.0,60.0,8.0,13.0,42.0,0.0,4.0,0.0,1.0,2.0,29.0,7.0,18.0,0.0,0.0,0.0,3.0,7.0,0.0,1.0,9.0,0.0,4.0,20.0,2.0,2.0,4.0,0.0,47.0,0.0,6.0,0.0,1.0,0.0,0.0,0.0,0.0,0.0,0.0,0.0,0.0,4.0,1.0,1.0,5.0,3.0,1.0,0.0,0.0,1.0,0.0,5.0,2.0,25.0,0.0,0.0,0.0,0.0,14.0,0.0,0.0,32.0,0.0,0.0,0.0,0.0,1.0,16.0,1.0,8.0,16.0,2.0,88.0,1.0,4.0,0.0,29.0,5.0,13.0,19.0,9.0,2.0,1.0,1.0,3.0,1.0,6.0,19.0,3.0,28.0,12.0,10.0,112.0,10.0,0.0,1.0,2.0,18.0,4.0,59.0,34.0,62.0,115.0,104.0,122.0,24.0,150.0,26.0,135.0,59.0,92.0,25.0,51.0,304.0,153.0,182.0,56.0,77.0,103.0,35.0,100.0,86.0,111.0,363.0,16.0,100.0,141.0,48.0,79.0,82.0,87.0,242.0,25.0,64.0,191.0,498.0,152.0,107.0,121.0,135.0,315.0,85.0,21.0,100.0,9.0,65.0,233.0,58.0,18.0,25.0,1227.0,3.0,8.0,11.0,4.0,9.0,14.0,28.0,7.0,15.0,1.0,7.0,77.0,6.0,0.0,17.0,0.0,3.0,9.0,2.0,0.0,1.0,3.0,9.0,2.0,2.0,0.0,7.0,352.0,54.0,32.0,24.0,24.0,4.0,49.0,70.0,4.0,8.0,2.0,117.0,7.0,14.0,16.0,4.0,28.0,21.0,9.0,9.0,18.0,12.0,19.0,3.0,8.0,6.0,0.0,0.0,6.0,12.0,26.0,12.0,33.0,2.0,3.0,6.0,2.0,0.0,11.0,17.0,70.0,56.0,15.0,9.0,34.0,12.0,50.0,8.0,1.0,146.0,32.0,157.0,2.0,60.0,11.0,80.0,8.0,0.0,4.0,8.0,5.0,7.0,3.0,1.0,6.0,0.0,4.0,8.0,0.0,19.0,0.0,4.0,7.0,0.0,10.0,4.0
